"sti","year","ratio","lwr","upr","tau_study","type","n"
"CT",2020,0.546568774282692,0.439648727378599,0.679491162870193,0.25299751837704,"Between study",129
"NG",2020,0.746585931639477,0.491147173773013,1.13487480552945,0.363775303582379,"Between study",129
"TV",2020,0.145479288159167,0.0908064184751749,0.23306968426559,0.53388789166217,"Between study",124
"CT",2020,0.553318373577048,0.433346446922076,0.706504517834442,0.0422909933113704,"Within study",28
"NG",2020,0.819247518007401,0.438566942441681,1.53036271275858,0.259280349907482,"Within study",30
"TV",2020,0.191004652366065,0.122809037855219,0.297069156005367,0.102551943316309,"Within study",12
"CT",2015,0.558551292706811,0.515266756158155,0.605471909172986,0.797517862278979,"Unadjusted",28
"NG",2015,0.686941590070996,0.587216936501322,0.803602074185417,0.541502928939105,"Unadjusted",30
"TV",2015,0.191376136122848,0.155144799707949,0.236068663250429,0.342514029638131,"Unadjusted",12
